{"name":"book_cab_details","description":"To store the booked cab details","indexes":[],"schemaDef":[{"name":"travel_date","type":"date","isRequired":false,"isEncrypted":false,"reference":{},"maxLength":"","default":""},{"name":"cab","type":"string","isRequired":false,"isEncrypted":false,"reference":{},"maxLength":"","default":""},{"name":"destination_Location","type":"string","isRequired":false,"isEncrypted":false,"reference":{},"maxLength":"","default":""},{"name":"current_Location","type":"string","isRequired":false,"isEncrypted":false,"reference":{},"maxLength":"","default":""},{"name":"contact","type":"number","isRequired":false,"isEncrypted":false,"reference":{},"maxLength":"","default":""},{"name":"name","type":"string","isRequired":false,"isEncrypted":false,"reference":{},"maxLength":"","default":""},{"name":"sys_Id","type":"string","isRequired":true,"readOnly":true},{"name":"Created_On","type":"date","isRequired":true,"readOnly":true},{"name":"Updated_On","type":"date","isRequired":true,"readOnly":true},{"name":"Created_By","type":"string","isRequired":true,"readOnly":true},{"name":"Updated_By","type":"string","isRequired":true,"readOnly":true}]}