{"name":"booking_flight_details","description":"To collect the booked journey details","indexes":[],"schemaDef":[{"name":"Date_of_Travel","type":"string","isRequired":false,"isEncrypted":false,"reference":{},"maxLength":"","default":""},{"name":"Destination_City","type":"string","isRequired":false,"isEncrypted":false,"reference":{},"maxLength":"","default":""},{"name":"Boarding_City","type":"string","isRequired":false,"isEncrypted":false,"reference":{},"maxLength":"","default":""},{"name":"Phone_Number","type":"number","isRequired":false,"isEncrypted":false,"reference":{},"maxLength":"","default":""},{"name":"Email","type":"string","isRequired":false,"isEncrypted":false,"reference":{},"maxLength":"","default":""},{"name":"Name","type":"string","isRequired":false,"isEncrypted":false,"reference":{},"maxLength":"","default":""},{"name":"sys_Id","type":"string","isRequired":true,"readOnly":true},{"name":"Created_On","type":"date","isRequired":true,"readOnly":true},{"name":"Updated_On","type":"date","isRequired":true,"readOnly":true},{"name":"Created_By","type":"string","isRequired":true,"readOnly":true},{"name":"Updated_By","type":"string","isRequired":true,"readOnly":true}]}